milia	lex34781.1_mille,lex34780.1_milium
an	lex11277.1_an
annis	lex11511.1_annus
i	lex22947.1_eo1
in	lex28556.1_in
tyrannidem	lex52672.1_tyrannis
exercet	lex23790.1_exerceo
anis	lex11698.1_anus2,lex11697.1_anus1
Amon	lex11179.1_amo
condita	lex17386.1_condo,lex17363.1_condio,_condita,_conditum,lex17382.1_conditus
secundum	lex47769.1_sequor,_secunda,lex47269.1_secundum,lex47270.1_secundus1
senum	lex47595.1_seni,lex47594.1_senex
interpretationem	lex31007.1_interpretatio
regnauit	lex45210.1_regno
clarus	lex15956.1_clarus
habetur	lex26836.1_habeo
et	lex23298.1_et
qui	lex44409.1_qui1,lex44536.1_quis1,lex44410.1_qui2,lex44537.1_quis2
parua	lex38905.1_parvus
paruam	lex38905.1_parvus
fecit	lex24529.1_facio
ciuitas	lex15915.1_civitas
poto	lex41725.1_poto
ponto	lex41461.1_pontus1,lex41459.1_ponto
codita	lex16211.1_coda
apud	lex11949.1_apud
Anni	lex11511.1_annus
mun	lex35430.1_mu,lex35709.1_mus
mundi	lex35611.1_mundus2,lex35610.1_mundus1,_mundus,lex35609.1_mundum
In	lex28556.1_in
Selinis	lex47376.1_selinon
II	lex22947.1_eo1,lex31616.1_is
Postque	lex41608.1_post
pontifex	lex41453.1_pontifex
maximus	lex35586.1_multus,lex33756.1_magnus1,lex34229.1_maximus,lex33755.1_magnus
musicus	_musicus
insignis	lex30431.1_insignis,lex30427.1_insigne,lex30430.1_insignio
habet	lex26836.1_habeo
Latino	lex32449.1_latino
marci	lex34069.1_marcus1
Oraculo	lex38037.1_oraculum
primum	lex42742.1_primus,_prima
iussa	lex31965.1_jussum,lex31845.1_jubeo
est	lex22274.1_edo1,lex50141.1_sum1
filius	lex25151.1_filius
primus	lex42742.1_primus
physicus	lex40799.1_physicus
agnoscit	lex10645.1_agnosco
agnoscitur	lex10645.1_agnosco
quem	lex44536.1_quis1,lex44537.1_quis2,lex44409.1_qui1,lex44410.1_qui2
uixisse	lex54134.1_vivo
aiunt	lex10688.1_aio
usque	lex52988.1_usque
ab	lex9104.1_ab
a	lex9104.1_ab,_a
societate	lex48357.1_societas
discedit	lex21278.1_discedo
orsus	lex38094.1_ordior,lex38170.1_orsus2
poeta	lex41309.1_poeto,lex41303.1_poeta
scripsit	lex47111.1_scribo
mulier	lex35475.1_mulier
ad	lex9671.1_ad
penetrauerunt	lex39320.1_penetro
cognoscitur	lex16305.1_cognosco
condidit	lex17386.1_condo
Apud	lex11949.1_apud
exercuit	lex23790.1_exerceo
marcus	lex34069.1_marcus1
ex	lex23489.1_ex
filia	lex25139.1_filia
nepos	lex36223.1_nepos1
monte	lex35274.1_mons
montem	lex35274.1_mons
urbi	lex52946.1_urbs
addidit	lex9740.1_addo
supra	lex50627.1_supra
mare	lex34070.1_mare,lex34118.1_marum,lex34119.1_mas
urbe	lex52946.1_urbs
miliario	lex34767.1_miliarius1,lex34766.1_miliarium,lex34768.1_miliarius2
ostium	lex38262.1_ostium
extremum	lex24411.1_extremus,lex24410.1_extremum
morbo	lex35336.1_morbus
periit	lex39677.1_pereo
quae	lex44410.1_qui2,lex44409.1_qui1,lex44537.1_quis2,lex44536.1_quis1
postea	lex41611.1_postea
uocata	lex54161.1_voco
tyrannis	lex52675.1_tyrannus,lex52667.1_tyranna,lex52672.1_tyrannis
destructa	lex20630.1_destruo
Draco	_draco
legum	lex32778.1_lex
dator	lex19507.1_dator
ut	lex53023.1_ut
quibusdam	lex44421.1_quidam
videt	lex53796.1_video
videtur	lex53796.1_video
priscus	lex42757.1_priscus1
rex	lex45939.1_rex
cum	_cum
rege	lex45212.1_rego,lex45939.1_rex
cogressus	_co-gradior
congressus	lex17657.1_congressus2,lex17644.1_congredior
occidit	lex37387.1_occido1,lex37388.1_occido2,lex37355.1_occaedes
occiditur	lex37388.1_occido2,lex37387.1_occido1,lex37355.1_occaedes
ac	lex12698.1_atque
mihi	lex22435.1_ego
miraculum	lex34912.1_miraculum
subit	lex49463.1_subeo
quomodo	lex44571.1_quomodo
tempus	lex51184.1_tempus
sibi	lex50120.1_sui
uterque	lex53032.1_uter3,lex53030.1_uter
couenerit	_co-venio
couenerint	_co-venio
maxime	lex34229.1_maximus,lex35586.1_multus,_maxime,lex33756.1_magnus1,lex33755.1_magnus
scriptura	lex47126.1_scriptura,lex47111.1_scribo
diuina	_divinum,_divina,lex21734.1_divino,lex21735.1_divinus
huc	lex27573.1_huc
hunc	lex27244.1_hic
eundem	lex27815.1_idem
appellet	lex11847.1_appello1,_appello
aduersum	lex10229.1_adverro,lex10245.1_adversum2,lex10250.1_adverto,lex10247.1_adversus,lex10244.1_adversum
dimicans	lex21173.1_dimico
capit	lex14427.1_capio1,lex14426.1_capio
extruxit	lex24285.1_exstruo
dicitur	lex20961.1_dico2
transportat	lex52064.1_transporto
transportatus	lex52064.1_transporto
secundus	lex47270.1_secundus1,lex47769.1_sequor
siciliam	lex48040.1_sicilio
arripuit	lex12297.1_arripio
mensibus	lex34512.1_mensis
Anno	lex11484.1_anno2,lex11511.1_annus,lex11483.1_anno1,lex10019.1_adnato
dictione	lex20977.1_dictio
dictionem	lex20977.1_dictio
sua	_sua,lex50781.1_suus,_suum
suam	lex50210.1_suo,_sua,lex50781.1_suus
redactis	lex45026.1_redigo
plurimis	lex41251.1_plurimus,lex35586.1_multus
etiam	lex23316.1_etiam
parte	lex38847.1_pars,lex38815.1_pario2,lex38816.1_pario3
uaso	lex53255.1_vasum
uasorum	lex53255.1_vasum
templi	lex51168.1_templum
inuasisset	lex31297.1_invado
tributarium	lex52184.1_tributarius
fecisset	lex24529.1_facio
uictor	lex53779.1_victor1
patria	lex39010.1_patria,lex39030.1_patrius1,_patrium,lex39031.1_patrius2
patriam	lex39030.1_patrius1,lex39010.1_patria,lex39031.1_patrius2
reuertit	lex45896.1_reverto
reuertitur	lex45896.1_reverto
uidetur	lex53796.1_video
Post	lex41608.1_post
alius	lex10849.1_alius2
subuertit	lex49873.1_subverto
de	lex19511.1_de
septem	lex47674.1_septem
sapientibus	lex46675.1_sapiens,lex46682.1_sapio
fuit	lex50141.1_sum1
eu	lex23327.1_eu
eum	lex31616.1_is
interficit	lex30844.1_interficio,lex30832.1_interfacio
clari	lex15956.1_clarus
habentur	lex26836.1_habeo
menses	lex34512.1_mensis
tres	lex52153.1_tres
post	lex41608.1_post
cirene	lex15846.1_ciris
condiderunt	lex17386.1_condo
oraclo	lex38037.1_oraculum
oraculo	lex38037.1_oraculum
sic	lex48016.1_sic
iubete	lex31845.1_jubeo
ditor	lex21673.1_dito
conditor	lex17377.1_conditor2,lex17376.1_conditor1
urbis	lex52946.1_urbs
cui	lex44536.1_quis1,lex44410.1_qui2,lex44537.1_quis2,lex44409.1_qui1
cuius	lex44409.1_qui1,lex19122.1_cujus2,lex44537.1_quis2,lex44536.1_quis1,lex19121.1_cujus1,_cujus,lex44410.1_qui2
proprium	lex43343.1_proprius,_proprium
nomen	lex36484.1_nome,lex36485.1_nomen
urbs	lex52946.1_urbs
captu	lex14427.1_capio1,lex14513.1_captus2,lex14426.1_capio
captum	lex14513.1_captus2,lex14512.1_captus,lex14427.1_capio1,lex14426.1_capio
secum	lex50120.1_sui
pertraxit	lex40423.1_pertraho
secundo	lex47270.1_secundus1,lex47769.1_sequor,lex47268.1_secundo2,lex47267.1_secundo1
ueniens	lex53412.1_venio
composuit	lex16998.1_compono
nume	lex36743.1_nummus
numerum	lex36734.1_numerus
senatorum	lex47581.1_senator
ausit	lex12847.1_audeo
ludos	lex33412.1_ludus
instituit	lex30572.1_instituo
Muros	lex35708.1_murus
cloacas	lex16046.1_cloaca
Ad	lex9671.1_ad
filiis	lex25139.1_filia,lex25151.1_filius
occis	lex37351.1_occa
occisus	lex37355.1_occaedes,lex37387.1_occido1
e	lex23489.1_ex
regis	lex45939.1_rex,lex45212.1_rego
ei	lex31616.1_is,lex22450.1_ei
eius	lex31616.1_is
ipse	lex31463.1_ipse
successat	lex49904.1_successor
successerat	lex49889.1_succedo
emundauit	lex22803.1_emundo
Solon	lex48473.1_solus1,lex48469.1_solum1,lex48457.1_solo1
draconis	_draco
legibus	lex32778.1_lex
antiquatis	lex11667.1_antiquo
extra	lex24418.1_extro,lex24396.1_extra
eas	lex31616.1_is,lex22947.1_eo1
sanguinem	lex46655.1_sanguis,lex46651.1_sanguino
pertinebant	lex40411.1_pertineo
iura	lex31948.1_juro,lex31952.1_jus
constituit	lex18059.1_constituo
is	lex31616.1_is,lex22947.1_eo1
captis	lex14426.1_capio,lex14512.1_captus,lex14427.1_capio1
templum	lex51168.1_templum
incendit	lex28752.1_incendo
quod	lex44410.1_qui2,lex44409.1_qui1
initio	lex29969.1_initium,lex29968.1_initio
suae	lex50781.1_suus,_sua
permanserat	lex39990.1_permaneo
Sententiae	lex47621.1_sententia
aut	lex12993.1_aut
autem	lex12994.1_autem
nostrae	lex36560.1_noster
clemens	lex16003.1_clemens1
congruit	lex17663.1_congruo
primo	lex42742.1_primus,lex42726.1_primo
stromate	lex49236.1_stroma
captiuitate	lex14505.1_captivitas
captiuitatem	lex14505.1_captivitas
factam	lex24529.1_facio
esse	lex22274.1_edo1,lex50141.1_sum1
contestans	lex18228.1_contestor
regnate	lex45210.1_regno
regnante	lex45210.1_regno
supputari	lex50626.1_supputo,lex50622.1_supputarius
annos	lex11511.1_annus
desolationis	lex20550.1_desolatio
annum	lex11511.1_annus
Capta	lex14426.1_capio,lex14427.1_capio1,lex14508.1_capto
regem	lex45939.1_rex
reliqui	_reliquum,lex45293.1_reliquus,lex45286.1_relinquo
transfugerunt	lex51986.1_transfugio
Huius	lex27244.1_hic
quoque	lex44580.1_quoque
propheta	lex43288.1_propheta
meminit	lex34449.1_memini
his	lex27244.1_hic
temporibus	lex51184.1_tempus
certantibus	lex15188.1_certor,lex15187.1_certo2
agone	lex10650.1_agon
Tragus	lex51899.1_tragus
id	lex31616.1_is
praemio	lex42166.1_praemium
dabat	lex21761.1_do
dabatur	lex21761.1_do
unde	lex52821.1_unde
nuncupatos	lex36763.1_nuncupo
monarchia	lex35200.1_monarchia
captiuitas	lex14505.1_captivitas
exterminium	lex24360.1_exterminium
Solis	lex48473.1_solus1,lex48437.1_solium,lex48469.1_solum1
facta	lex24529.1_facio,lex24546.1_factum
defectio	lex19812.1_defectio
futura	lex50141.1_sum1,lex26098.1_futurus
futuram	lex26098.1_futurus,lex50141.1_sum1
eam	lex31616.1_is,lex22947.1_eo1
Tales	lex50965.1_talis
ante	lex11539.1_ante
dixisset	lex20961.1_dico2
dimicauerunt	lex21173.1_dimico
Seruius	lex47878.1_servus1
Septe	lex46414.1_saeptum
Septem	lex47674.1_septem
sapientes	lex46675.1_sapiens,lex46682.1_sapio
appellati	_appello
contra	lex18288.1_contra
pugnat	lex43828.1_pugno
Serui	lex47879.1_servus2,lex47866.1_servio,lex47878.1_servus1
sed	lex47287.1_sed
nobilis	lex36430.1_nobilis
captiue	lex14512.1_captus,lex14427.1_capio1,lex14426.1_capio
motes	lex35421.1_moto
montes	lex35274.1_mons
Viminale	lex53862.1_viminalis
Viminalem	lex53862.1_viminalis
fossas	lex25427.1_fodio,lex25604.1_fosso,lex25598.1_fossa
circum	lex15583.1_circum,lex15568.1_circos,lex15845.1_circus
murum	lex35709.1_mus,lex35708.1_murus
duxit	lex21979.1_duco
Census	lex15014.1_censeo1,lex15027.1_census2
ciuium	lex15914.1_civis
superi	lex50520.1_superus
generi	lex26329.1_genus1,lex26268.1_gener
sui	lex50781.1_suus,lex50704.1_sus,lex50120.1_sui,_suum,lex50210.1_suo
superioris	lex50520.1_superus
scelere	lex46959.1_scelus,lex46953.1_scelerus
lia	lex33040.1_lio
Mortuo	lex35364.1_morior,lex35404.1_mortuus
suscepit	lex50711.1_suscipio
imperium	lex28319.1_imperium
successit	lex49889.1_succedo
frater	lex25647.1_frater
sub	lex49358.1_sub
quo	lex44536.1_quis1,lex44550.1_quo,lex44410.1_qui2,lex44537.1_quis2
ea	lex31616.1_is
scripturam	lex47111.1_scribo,lex47126.1_scriptura
pariete	lex38803.1_paries
apparuerat	lex11834.1_appareo
interpretatus	lex31013.1_interpretor
significantem	lex48099.1_significo
persas	lex40048.1_permulceo
Ago	lex10647.1_ago
Agon	lex10650.1_agon
actus	lex10647.1_ago,lex9644.1_actus2
fuat	lex50141.1_sum1
fuerat	lex50141.1_sum1
Barbari	lex13217.1_barbarus,lex13216.1_barbarum2
uenerunt	lex53412.1_venio
Amasis	lex11049.1_amasius
uocauit	lex54161.1_voco
conuocauit	lex18479.1_convoco
interimit	lex30876.1_interimo
interimitur	lex30876.1_interimo
insula	lex30628.1_insula1
tyrannus	lex52675.1_tyrannus
transgreditur	lex51995.1_transgredior
Persarum	lex40048.1_permulceo
morit	lex35364.1_morior
moritur	lex35364.1_morior
destruxit	lex20630.1_destruo
subuerso	lex49870.1_subverso,lex49873.1_subverto
persis	lex40048.1_permulceo
laxata	lex32542.1_laxo,lex32539.1_laxatus
ferme	lex24939.1_ferme
hominum	lex27420.1_homo
regredi	lex45215.1_regredior
constructo	lex18082.1_construo
altare	_altare,lex10945.1_altar,lex10989.1_alto
fundamenta	lex25966.1_fundamentum
iecerunt	lex31764.1_jacio
uicinis	_vicina,_vicinum,lex53769.1_vicinus
gentibus	lex26315.1_gens
fabricatio	lex24488.1_fabricatio
inpediretur	lex28270.1_impedio
imperfectum	_imperfectum,lex28308.1_imperfectus
opus	lex38032.1_opus1
permansit	lex39990.1_permaneo
solo	lex48469.1_solum1,lex48457.1_solo1,lex48473.1_solus1
tam	lex50976.1_tam
consistente	lex17957.1_consisto
septe	lex46414.1_saeptum
constituitur	lex18059.1_constituo
Ea	lex31616.1_is
memorat	lex34470.1_memoro
memorantur	lex34470.1_memoro
tentarit	lex51234.1_tento
oraculum	lex38037.1_oraculum
Quo	lex44550.1_quo,lex44537.1_quis2,lex44536.1_quis1,lex44410.1_qui2
tempore	lex51184.1_tempus
regi	lex45939.1_rex,lex45212.1_rego,lex45204.1_regius
cineris	lex15536.1_cinis
habebantur	lex26836.1_habeo
principes	_principes,lex42743.1_princeps
fuerunt	lex50141.1_sum1
eorum	lex31616.1_is
regressi	lex45215.1_regredior
sint	lex50141.1_sum1
aduersus	lex10248.1_adversus2,lex10250.1_adverto,lex10247.1_adversus,lex10229.1_adverro
bellum	lex13341.1_bellum,lex13343.1_bellus
iniit	lex29479.1_ineo
Templum	lex51168.1_templum
secunda	lex47270.1_secundus1,_secunda,lex47769.1_sequor,lex47268.1_secundo2
vice	lex53770.1_vicis,lex53791.1_vicus
incensum	lex28759.1_incensum,lex28752.1_incendo,lex28761.1_incensus2,lex28755.1_incense
magistrat	lex33719.1_magistro
magistratus	lex33719.1_magistro,lex33717.1_magistratus
costituit	_co-statuo
regibus	lex45939.1_rex
sardis	lex46724.1_sardius,lex46719.1_sarda1
loci	lex33259.1_loquor,_locum,lex33185.1_locus
habebat	lex26836.1_habeo
habebatur	lex26836.1_habeo
dimicat	lex21173.1_dimico
Colligit	lex16437.1_colligo1
Colligitur	lex16437.1_colligo1
omne	_omne,lex37789.1_omnis
captiuitatis	lex14505.1_captivitas
anni	lex11511.1_annus
quosdam	lex44421.1_quidam
persarum	lex40048.1_permulceo
coputat	_co-puto
computantur	lex17076.1_computo
Porro	lex41546.1_porrum,lex41545.1_porro,_porrus
alios	lex10849.1_alius2
anno	lex10019.1_adnato,lex11511.1_annus,lex11484.1_anno2,lex11483.1_anno1
cepit	lex14426.1_capio,lex14427.1_capio1
superdicti	_super-dico2
uero	lex53544.1_vero2,lex53611.1_verus,lex53608.1_verum2,lex53607.1_verum
complentur	lex16968.1_compleo
ani	lex11698.1_anus2,lex11697.1_anus1
captus	lex14513.1_captus2,lex14512.1_captus,lex14427.1_capio1,lex14426.1_capio
regnum	lex45211.1_regnum
stetit	lex49117.1_sto
superbus	lex50270.1_superbus
excogitauit	lex23690.1_excogito
uincla	lex53882.1_vinclum,lex53891.1_vinculum
taurea	lex51046.1_taureus,_taurea
fustes	lex26079.1_fustis
carceres	lex14544.1_carcero,lex14540.1_carcer
copedes	_co-pedo2,_co-pedo1
compedes	lex16935.1_compes1,lex16903.1_compedes,lex16935.1_compes1
exilia	lex23870.1_exilis,lex24227.1_exsilium
metalla	lex34671.1_metallum
regnat	lex45210.1_regno
lyricus	lex33577.1_lyricus
aliter	lex10840.1_aliter
scriptor	lex47121.1_scriptor
tragoedia	lex51887.1_tragoedia
tragoediarum	lex51887.1_tragoedia
socero	lex48346.1_socer
seruio	lex47866.1_servio
occiso	lex37387.1_occido1,lex37355.1_occaedes
subegit	lex49499.1_subigo
obpugnaret	_ob-pugno
ardea	lex12126.1_ardea1
ardeam	lex12126.1_ardea1,lex12130.1_ardeo
causa	lex14870.1_causa
iunioris	lex31992.1_juvenis
filii	lex25151.1_filius
corruperat	_con-rumpo
regno	lex45210.1_regno,lex45211.1_regnum
exclusus	lex23677.1_excludo
exercent	lex23790.1_exerceo
fratres	lex25647.1_frater
regina	lex45199.1_regina
interfecit	lex30844.1_interficio,lex30832.1_interfacio
Persa	lex40048.1_permulceo
qua	lex44115.1_qua,lex44409.1_qui1,lex44410.1_qui2
quam	lex44409.1_qui1,lex44271.1_quam,lex44410.1_qui2
nunc	lex36752.1_nunc
uocant	lex54161.1_voco
historia	lex27368.1_historia
contexitur	lex18229.1_contexo
princeps	lex42743.1_princeps
gentis	lex26315.1_gens
habent	lex26836.1_habeo
optinuit	lex37269.1_obtineo
quippe	lex44527.1_quippe
regni	lex45211.1_regnum
filium	lex25151.1_filius
tyrannide	lex52672.1_tyrannis
exercent	lex23790.1_exerceo
nouissime	lex36629.1_novissimus,lex36635.1_novus,_novissimum
duo	lex22042.1_duo
magi	lex33760.1_magus2
men	lex22435.1_ego
quos	lex44537.1_quis2,lex44536.1_quis1,lex44410.1_qui2,lex44409.1_qui1
dari	lex21761.1_do
Io	lex31447.1_io1
Ideo	lex27817.1_ideo
hic	lex27244.1_hic
annus	lex11511.1_annus
bis	lex13541.1_bis,_biduum
scribitur	lex47111.1_scribo
quia	lex44411.1_quia
unus	lex52929.1_unus
mago	lex33760.1_magus2
magorum	lex33760.1_magus2
Secundo	lex47268.1_secundo2,lex47267.1_secundo1,lex47769.1_sequor,lex47270.1_secundus1
extruitur	lex24285.1_exstruo
consumatur	lex18129.1_consumo
ano	lex11697.1_anus1,lex11698.1_anus2
remissio	lex45349.1_remissio
quidem	lex44422.1_quidem
uenia	lex53408.1_venia
habuit	lex26836.1_habeo
Consumat	lex18129.1_consumo
Consumatur	lex18129.1_consumo
uicine	_vicinum,lex53770.1_vicis,lex53883.1_vinco,lex53791.1_vicus,lex53769.1_vicinus
gentes	lex26315.1_gens
assiduis	lex12548.1_assiduus1,lex12549.1_assiduus2
incursionibus	lex29136.1_incursio
impedierant	lex28270.1_impedio
Clemens	lex16003.1_clemens1
ita	lex31653.1_ita,lex31677.1_ito
scribens	lex47111.1_scribo
perseuerauit	lex40295.1_persevero
anu	lex11699.1_anus3
uocatur	lex54161.1_voco
angelus	lex11384.1_angelus
Sacerdotioque	lex46360.1_sacerdotium
functus	lex25997.1_fungor
haec	lex27244.1_hic
uir	lex53948.1_vir
Quod	lex44410.1_qui2,lex44409.1_qui1
ann	lex11277.1_an
altero	lex10950.1_alter
fuerit	lex50141.1_sum1
expletus	lex24063.1_expleo
domesticus	lex21840.1_domesticus
testis	lex51407.1_testis2,lex51385.1_testa,lex51406.1_testis1
dicens	lex20961.1_dico2
Domine	lex21857.1_dominus
non	lex36503.1_non
ciuitatibus	lex15915.1_civitas
quas	lex44410.1_qui2,lex44537.1_quis2,lex44536.1_quis1,lex44409.1_qui1
despexisti	lex20580.1_despicio
iste	lex31639.1_iste
perarum	lex39402.1_pera
tyrannum	lex52675.1_tyrannus
interfecerunt	lex30844.1_interficio,lex30832.1_interfacio
Et	lex23298.1_et
meretrix	lex34596.1_meretrix
amica	lex11153.1_amicus1,lex11133.1_amica,lex11144.1_amico
tormentis	lex51767.1_tormentum
cogeretur	lex16306.1_cogo
socios	lex48360.1_socius
proderet	lex42951.1_prodo
amputauit	lex11253.1_amputo
scriptores	lex47121.1_scriptor
dita	lex21673.1_dito
conditam	lex17386.1_condo,lex17363.1_condio,lex17382.1_conditus
fert	lex24946.1_fero
ferunt	lex24946.1_fero
Initium	lex29969.1_initium
consulum	lex18103.1_consul
Pulsis	lex39285.1_pello
uix	lex54136.1_vix
Lapidem	lex32323.1_lapis,lex32316.1_lapido
tenebat	lex51212.1_teneo
impio	lex28376.1_impius,lex28374.1_impio
imperio	lex28319.1_imperium
reges	lex45212.1_rego,lex45939.1_rex
superbum	lex50270.1_superbus
imperauerunt	lex28326.1_impero
siue	lex47999.1_si
placet	lex41041.1_placeo,lex41053.1_placo
exactos	lex23863.1_exigo
consules	lex18109.1_consulo,lex18103.1_consul
bruto	lex13775.1_brutus1
ceperunt	lex14427.1_capio1,lex14426.1_capio
Deinde	lex19977.1_deinde
tribuni	lex52181.1_tribunus
plebis	lex41175.1_pleo,lex41161.1_plebs
dictatores	lex20971.1_dictator
rursum	_rursum
rem	lex45597.1_res
publicam	_publica,lex43752.1_publicus
optinuerunt	lex37269.1_obtineo
per	lex39400.1_per
singulare	lex48222.1_singularis
impium	lex28376.1_impius,_impia,_impii
O	lex5821.1_o
transitum	lex52016.1_transitus2,lex51962.1_transeo
Consulum	lex18103.1_consul
An	lex11277.1_an
mu	lex35430.1_mu
Bruti	lex13775.1_brutus1
collega	lex16414.1_collega
adeo	lex9758.1_adeo2,lex9757.1_adeo1
pauper	lex39062.1_pauper
mortuus	lex35404.1_mortuus,lex35364.1_morior
sumptu	lex50207.1_sumptus2,lex50195.1_sumo
publico	lex43752.1_publicus,_publicum,lex43751.1_publico
sepeliret	lex47656.1_sepelio
sepeliretur	lex47656.1_sepelio
Censu	lex15027.1_census2,lex15014.1_censeo1
habitato	lex26848.1_habito
inuenta	lex31329.1_inventor,lex31331.1_inventum,lex31325.1_invenio
sunt	lex50141.1_sum1
Nono	lex36541.1_nonus
noua	lex36635.1_novus,_novum,lex36634.1_novo
dignitas	lex21081.1_dignitas
creata	_creata,_creatus,lex18884.1_creo
dictatura	lex20974.1_dictatura,lex20980.1_dicto
scilicet	lex46996.1_scilicet
magister	lex33709.1_magister
equitum	lex23100.1_eques,lex23108.1_equio
dictatori	lex20971.1_dictator,lex20972.1_dictatorius
obsequebatur	lex37133.1_obsequor
Dictator	lex20971.1_dictator
Largius	lex32367.1_largus1
Magister	lex33709.1_magister
Spurius	lex48884.1_spurius1
cassius	lex14689.1_cassus
historiographus	lex27374.1_historiographus
philosophus	lex40716.1_philosophus
cognomento	lex16297.1_cognomentum
tenebrosus	lex51209.1_tenebrosus
perdiderunt	lex39611.1_perdo
rebellauerunt	lex44797.1_rebello
populus	lex41503.1_populus2,lex41502.1_populus1
patribus	lex38979.1_pater
seditione	lex47307.1_seditio
ceperat	lex14427.1_capio1,lex14426.1_capio
interuentu	lex31108.1_interventus,lex31104.1_intervenio
matris	lex34160.1_mater
uxoris	lex53085.1_uxor,_uxorium
oppugnatione	lex37993.1_oppugnatio
remouit	lex45374.1_removeo
exercitum	lex23809.1_exercitus2,lex23790.1_exerceo,lex23792.1_exercio
Bellum	lex13341.1_bellum,lex13343.1_bellus
gestum	lex26356.1_gero1,lex26370.1_gesta,lex26393.1_gestus2
scribunt	lex47111.1_scribo
scribuntur	lex47111.1_scribo
cognominabatur	lex16301.1_cognomino
iustus	lex31978.1_justus
illustris	lex28032.1_illustris
nobiles	lex36430.1_nobilis
familiae	lex24661.1_familia
Cum	_cum
algido	lex10771.1_algidus1
mote	lex35428.1_moveo
Ro	lex46282.1_rus
milites	lex34760.1_miles,lex34779.1_milito
obsiderent	lex37154.1_obsideo,lex37161.1_obsido
obsiderentur	lex37154.1_obsideo,lex37161.1_obsido
dictatore	lex20971.1_dictator
quinto	lex44524.1_quintus1
cincinnato	lex15511.1_cincinnatus1
libati	lex32840.1_libo1
liberati	lex32820.1_libero
st	lex48916.1_st
recessit	lex44820.1_recedo
Gelo	lex26233.1_gelum,lex26229.1_gelo1
lyrici	lex33577.1_lyricus,_lyrici
insignes	lex30436.1_insigno,lex30431.1_insignis
uirgo	lex53974.1_virgo
deprehensa	lex20392.1_deprehendo
uiua	_vivum,lex54135.1_vivus
defossa	lex19878.1_defodio
ignominia	lex27877.1_ignominia
eicitur	lex22454.1_eicio
parilibus	lex38810.1_parilis
dies	lex20998.1_dies
festus	lex25023.1_festus1
illustres	lex28033.1_illustro,lex28032.1_illustris
sectatores	lex47240.1_sectator
physici	lex40799.1_physicus
uenisset	lex53412.1_venio
urbem	lex52946.1_urbs
principe	lex42743.1_princeps
gestu	lex26356.1_gero1,lex26393.1_gestus2
nauale	lex36056.1_navalis,lex36055.1_navale
certamen	lex15175.1_certamen
pyreum	lex44084.1_pyreum
muro	lex35688.1_muro,lex35708.1_murus
uallant	lex53166.1_vallo
via	lex53922.1_vio,lex53715.1_via
plateis	lex41126.1_platea1,lex41120.1_platalea
fugit	lex25879.1_fugio
ingenii	lex29829.1_ingenium
opera	lex37861.1_opero,lex37846.1_opera,lex38032.1_opus1
publicauit	lex43751.1_publico
historiarum	lex27368.1_historia
plurimo	lex35586.1_multus,lex41251.1_plurimus
sermone	lex47804.1_sermo
celebrantur	lex14962.1_celebro
pictor	lex40829.1_pictor1
alii	lex10849.1_alius2,lex10903.1_allium
imaginibus	lex28052.1_imago
plurimas	lex35586.1_multus
inuitat	lex31413.1_invito
inuitatus	lex31413.1_invito,lex31410.1_invitatus
fecerat	lex24529.1_facio
lauacrum	lex32525.1_lavacrum
arbitrantur	lex12031.1_arbitror
hausto	lex27011.1_haurio
sanguine	lex46655.1_sanguis
tauri	lex51059.1_taurus1
noscit	lex36556.1_nosco
noscitur	lex36556.1_nosco
Lapis	lex32323.1_lapis,lex32322.1_lapio
fluuio	lex25403.1_fluvius
caelo	lex13997.1_caelus,lex13996.1_caelum2,lex13994.1_caelo,lex13995.1_caelum1
ruit	lex46263.1_ruo
meses	lex34642.1_meses,lex34641.1_mese
ordine	lex38096.1_ordo
annuum	_annua,_annuum,lex11514.1_annuus
reputant	lex45586.1_reputo
reputantur	lex45586.1_reputo
cognominabat	lex16301.1_cognomino
scripta	lex47111.1_scribo,lex47125.1_scriptum
quidam	lex44421.1_quidam
affirmat	lex10528.1_affirmo
affirmant	lex10528.1_affirmo
hoc	lex27573.1_huc,lex27244.1_hic
gesta	lex26356.1_gero1,lex26388.1_gesto,lex26370.1_gesta
ego	lex22435.1_ego
no	lex36429.1_no1
puto	lex44061.1_putus1,lex44062.1_putus2,lex44044.1_puto
Numquam	lex36746.1_numquam
enim	lex22875.1_enim
siluisset	lex48117.1_sileo
reuersos	lex45896.1_reverto
deinceps	lex19976.1_deinceps
consecuta	_con-sequor
gestis	lex26356.1_gero1,lex26370.1_gesta,lex26386.1_gestio2
referuntur	lex45089.1_refero
populo	lex41498.1_populo,lex41502.1_populus1,lex41503.1_populus2
iuxta	lex31999.1_juxta
nauali	lex36056.1_navalis,lex36055.1_navale
pedestrique	lex39191.1_pedester
certamine	lex15175.1_certamen
supat	lex50549.1_supo
superat	lex50442.1_supero
medicum	lex34284.1_medicus1,_medica,_medicus
conquiescit	lex17818.1_conquiesco
Perdicas	lex39590.1_perdico
sacerdos	lex46357.1_sacerdos1
habitus	lex26836.1_habeo,lex26854.1_habitus2
Fuit	lex50141.1_sum1
aute	lex13004.1_autor
eruditissimus	lex23216.1_erudio
legis	lex32601.1_lego2,lex32778.1_lex
diuinae	lex21735.1_divinus,_divina
omnium	_omnes,lex37789.1_omnis,_omnia,_omne
magist	lex33706.1_magis,lex33755.1_magnus,lex33707.1_magis2,lex33760.1_magus2
fuerant	lex50141.1_sum1
philosophi	lex40716.1_philosophus
notissimi	lex36556.1_nosco,lex36591.1_notus
comedia	_co-medio
legatos	lex32600.1_lego1,lex32582.1_legatus
petiuerunt	lex40596.1_peto
quibus	lex44410.1_qui2,lex44409.1_qui1,lex44537.1_quis2,lex44536.1_quis1
tabulae	lex50905.1_tabula
coscriptae	_co-scribo
conscriptae	lex17864.1_conscribo
Consulibus	lex18103.1_consul
Ludis	lex33408.1_ludius1,lex33412.1_ludus,lex33410.1_ludo
rapte	lex44711.1_raptum,lex44699.1_rapio
una	lex52925.1_uno,lex52929.1_unus
pulcherrima	lex43832.1_pulcher1
cuncta	lex19213.1_cuncto,lex19215.1_cunctus
cunctarum	lex19215.1_cunctus
rapientium	lex44699.1_rapio
duci	lex21979.1_duco,lex22128.1_dux
decernit	lex19617.1_decerno
decernitur	lex19617.1_decerno
nuptiarum	lex36791.1_nuptiae
uulgo	lex54297.1_vulgus,lex54295.1_vulgo1,lex54296.1_vulgo2
clamitant	lex15926.1_clamito
talis	lex50973.1_talus,lex50965.1_talis
nupta	lex36797.1_nuptus,lex36661.1_nubo,lex36794.1_nupto,lex36788.1_nupta
sit	lex50141.1_sum1
habe	lex26836.1_habeo
re	lex45597.1_res,lex46282.1_rus,lex45437.1_reor
mereatur	lex34589.1_mereo,lex34590.1_mereor
clarior	lex15956.1_clarus
agon	lex10650.1_agon
uiri	lex53948.1_vir,lex54016.1_virus
creati	_creatus,lex18884.1_creo
eiecti	lex22454.1_eicio
propter	lex43344.1_propter
cuiusdam	lex44421.1_quidam
filiam	lex25139.1_filia
militatis	lex34779.1_milito
militantis	lex34779.1_milito
uoluit	lex54193.1_volo1,lex54244.1_volvo
abducere	lex9142.1_abduco
Consules	lex18109.1_consulo,lex18103.1_consul
Ani	lex11698.1_anus2,lex11697.1_anus1
Crates	lex18845.1_cratis
comicus	lex16609.1_comicus
Lyricus	lex33577.1_lyricus
celebres	lex14954.1_celeber,lex14962.1_celebro
ariolus	lex26968.1_hariolus
Remus	lex45391.1_remus1,lex45437.1_reor
rastro	lex44736.1_rastrum
pastorali	lex38958.1_pastoralis
duce	lex21979.1_duco,lex22128.1_dux
Tribuni	lex52181.1_tribunus
aediles	lex10286.1_aedilis
facti	lex24546.1_factum,lex24529.1_facio
consulibus	lex18103.1_consul
eiectis	lex22454.1_eicio
minister	lex34852.1_minister
uinari	_vinarium,lex53876.1_vinarius
uinarius	lex53876.1_vinarius
concedente	lex17118.1_concedo
domino	lex21857.1_dominus
suo	lex50781.1_suus,_suum,lex50210.1_suo
uenit	lex53412.1_venio
muros	lex35708.1_murus
urbemque	lex52946.1_urbs
restituit	lex45729.1_restituo
Scribit	lex47111.1_scribo
pontifice	lex41453.1_pontifex
filio	lex25151.1_filius
suus	lex50781.1_suus
fuisse	lex50141.1_sum1
completum	lex16968.1_compleo
scripture	lex47111.1_scribo
annales	lex11460.1_annalis
temporum	lex51184.1_tempus
cotinet	_co-tineo,_co-teneo
continent	lex18254.1_contineo
eos	lex31616.1_is
exhibebimus	lex23839.1_exhibeo
libro	lex32811.1_liber4,lex32863.1_libro
scripto	lex47125.1_scriptum,lex47111.1_scribo
scriptorum	lex47125.1_scriptum,lex47111.1_scribo,lex47121.1_scriptor
uniuersa	lex52920.1_universus,_universum
uniuersam	lex52920.1_universus
historiam	lex27368.1_historia
tempora	lex51184.1_tempus
persecuti	_per-sequor
annorum	lex11511.1_annus
ineunt	lex29479.1_ineo
libros	lex32811.1_liber4
suos	lex50781.1_suus
concilio	lex17175.1_concilio,lex17176.1_concilium
legisset	lex32601.1_lego2
honoratus	lex27460.1_honoro
pro	lex42784.1_pro2,lex42783.1_pro1
sophista	lex48519.1_sophistes
eburneam	lex22180.1_eburneus
facit	lex24529.1_facio
rebellant	lex44797.1_rebello
mathematicus	_mathematicus
tragicus	lex51885.1_tragicus
Gens	lex26315.1_gens
constituta	lex18064.1_constitutum,lex18059.1_constituo
medicus	lex34284.1_medicus1,_medicus
phy	lex40781.1_phy
celebratur	lex14962.1_celebro
costruxit	_co-struo
construxit	lex18082.1_construo
Si	lex47999.1_si
quis	lex44537.1_quis2,lex44536.1_quis1,lex44380.1_queo
conscriptas	lex17864.1_conscribo
sumeret	lex50195.1_sumo
faciunt	lex24529.1_facio
repiet	_re-pio
reperiet	lex45478.1_reperio
expletas	lex24063.1_expleo
obsideri	lex37154.1_obsideo
capitur	lex14427.1_capio1,lex14426.1_capio
belli	lex13343.1_bellus,lex13341.1_bellum
carminum	lex14588.1_carmen1,lex14589.1_carmen2
pestilentia	lex40558.1_pestilentia,lex40557.1_pestilens
laborant	lex32034.1_laboro
agnoscuntur	lex10645.1_agnosco
Ex	lex23489.1_ex
ignis	lex27867.1_ignis,lex27865.1_ignio
erupit	lex23229.1_erumpo
nascitur	lex35956.1_nasco,lex35957.1_nascor
Cui	lex44409.1_qui1,lex44537.1_quis2,lex44410.1_qui2,lex44536.1_quis1
succedit	lex49889.1_succedo
notus	lex36556.1_nosco,lex36591.1_notus
percutiunt	lex39577.1_percutio
uel	lex53314.1_vel
sacrum	lex46397.1_sacrum,lex46356.1_sacer
destinantes	lex20612.1_destino
condunt	lex17386.1_condo
Clades	lex15919.1_clades
accidit	lex9437.1_accido1,lex9438.1_accido2
altes	lex10989.1_alto
profugus	lex43027.1_profugus
abiit	lex9147.1_abeo
arelatum	_a-refero
mortem	lex35380.1_mors
rei	lex45597.1_res,lex45018.1_redeo,lex45867.1_reus
publicae	_publica,lex43752.1_publicus
desierunt	lex20539.1_desino
magistratum	lex33717.1_magistratus,lex33719.1_magistro
consuetudo	lex18101.1_consuetudo
usa	lex53050.1_utor
uersa	lex53601.1_verto,lex53552.1_verro,lex53577.1_verso
regnauitque	lex45210.1_regno
fili	lex25151.1_filius,lex25153.1_filum
construxeruntque	lex18082.1_construo
cratin	lex18845.1_cratis,lex18844.1_cratio,_creo1
cognominatus	lex16301.1_cognomino
Sub	lex49358.1_sub
uidet	lex53796.1_video
continet	lex18254.1_contineo
continetur	lex18254.1_contineo
expleta	lex24063.1_expleo
interpretibus	lex31004.1_interpres
uocat	lex54161.1_voco
rector	lex44957.1_rector
rhetor	lex45952.1_rhetor
Acoris	_acoros,lex9585.1_acorus,_acorum,lex9583.1_acor
ascensus	lex12392.1_ascendo,lex12397.1_ascensus2
scribit	lex47111.1_scribo
Tyranni	lex52675.1_tyrannus
oppressi	lex37986.1_opprimo
litteris	lex33116.1_littera
uti	lex53050.1_utor,lex53040.1_uti,lex53049.1_uto
antea	lex11540.1_antea
litteras	lex33116.1_littera
haberet	lex26836.1_habeo
haberent	lex26836.1_habeo
uenenum	lex53395.1_venenum
bibit	lex13426.1_bibo1
incensu	lex28755.1_incense,lex28752.1_incendo
perseuerat	lex40284.1_persero1,lex40295.1_persevero
famosum	lex24674.1_famosus
astrologus	lex12650.1_astrologus
Galli	lex26161.1_gallus1
inuaserunt	lex31297.1_invado
Amitas	lex11161.1_amita
militares	lex34774.1_militaris,lex34779.1_milito
furorem	lex26052.1_furor2
uersus	lex53584.1_versus3,lex53583.1_versus2,lex53552.1_verro,lex53601.1_verto
regnaret	lex45210.1_regno
cypri	lex19436.1_cyprus2
Magno	lex33756.1_magnus1,lex33755.1_magnus
facto	lex24529.1_facio,lex24546.1_factum
Bura	_bura
urbes	lex52946.1_urbs
absortae	_abs-orior
uicti	lex54134.1_vivo,lex53883.1_vinco
Quintum	lex44524.1_quintus1
cincinnatum	lex15511.1_cincinnatus1
flumen	lex25388.1_flumen
cia	lex15473.1_cichorium
nec	lex36240.1_neque
arabiam	_a-rabio
Perdica	_per-dico1
Arctin	lex12105.1_arctos,lex12056.1_arceo,lex12360.1_artus1
uersificator	lex53569.1_versificator
florentissimus	lex25335.1_floreo
iunior	lex31992.1_juvenis
inuadit	lex31297.1_invado
aetatis	lex10471.1_aetas
gerens	lex26356.1_gero1
auditor	lex12855.1_auditor
Camillus	lex14249.1_camillus1
gallos	lex26161.1_gallus1
intulerant	lex29637.1_infero
orator	lex38043.1_orator
capta	lex14508.1_capto,lex14427.1_capio1,lex14426.1_capio
accolas	lex9466.1_accola,lex9467.1_accolo
translatos	lex51966.1_transfero
collocauit	lex16457.1_colloco
pellitur	lex39285.1_pello
tenuit	lex51212.1_teneo
pulso	lex43885.1_pulso,lex39285.1_pello
destructum	lex20630.1_destruo
destructu	lex20630.1_destruo
iunxit	lex31913.1_jungo
superant	lex50442.1_supero
duobus	lex22042.1_duo
cecidisset	lex13950.1_cado,lex13973.1_caedo
uniuersos	_universi,lex52920.1_universus
confines	lex17485.1_confinis
discesserant	lex21278.1_discedo
pristinam	lex42760.1_pristinus1,lex42761.1_pristinus2
redigunt	lex45026.1_redigo
expulsus	lex24002.1_expello
Descriptione	lex20488.1_descriptio
Arses	lex12319.1_arsis
Manasses	lex33979.1_mano
pontificis	_pontificium,lex41453.1_pontifex
aduersu	lex10229.1_adverro,lex10250.1_adverto
feliciter	lex24871.1_felicito
dimicas	lex21173.1_dimico
subusus	_sub-utor
subuersus	lex49873.1_subverto
arma	lex12261.1_armo,lex12232.1_arma
couertit	_co-verto
conuertit	lex18439.1_converto
ducibus	lex22128.1_dux
oppressis	lex37986.1_opprimo
Torquatus	lex51786.1_torquatus1
suum	lex50781.1_suus,_suum
hostes	lex27570.1_hostis
pugnauerat	lex43828.1_pugno
uirgis	lex53962.1_virga
cessum	lex14939.1_cedo1
securi	lex47277.1_securis,lex47279.1_securus
percussit	lex39577.1_percutio
fauorabiliter	lex24837.1_favorabiliter,lex24836.1_favorabilis
exceptus	lex23657.1_excipio
deo	lex20737.1_deus
uictimas	lex53777.1_victimo,lex53775.1_victima
pontificem	lex41453.1_pontifex
honoribus	lex27445.1_honor
prosequitur	lex43431.1_prosequor
custode	lex19353.1_custos
locor	lex33173.1_loco,lex33259.1_loquor
locorum	lex33185.1_locus,_locum
demisso	lex20181.1_demitto,lex20178.1_demissus
Quem	lex44409.1_qui1,lex44537.1_quis2,lex44410.1_qui2,lex44536.1_quis1
interficiunt	lex30844.1_interficio,lex30832.1_interfacio
ob	lex36853.1_ob
reus	lex45867.1_reus
reuersus	lex45896.1_reverto
magnis	lex33756.1_magnus1,lex33755.1_magnus
afficit	lex10516.1_afficio
captam	lex14426.1_capio,lex14427.1_capio1
inhabitandum	lex29887.1_inhabito
tradidit	lex51866.1_trado
perdomiti	lex39620.1_perdomo
asiae	_asia
occupat	lex37428.1_occupo
tenet	lex51212.1_teneo
omnia	_omne,lex37789.1_omnis,_omnia
Regnum	lex45211.1_regnum
persa	lex40048.1_permulceo
reuertensque	lex45896.1_reverto
hamone	lex26947.1_hamus
codidit	lex16211.1_coda
Ob	lex36853.1_ob
impunitatem	lex28537.1_impunitas
magna	lex33755.1_magnus,lex33756.1_magnus1
multitudo	lex35575.1_multitudo
coiungit	_co-jungo
coniungitur	lex17744.1_conjungo
petra	lex40599.1_petra1
anne	lex11511.1_annus,lex11466.1_anne
annem	lex11483.1_anno1,lex10019.1_adnato,lex11484.1_anno2
transgredit	lex51995.1_transgredior
porum	lex41581.1_porus2,lex41580.1_porus1
asiam	_asia
subigunt	lex49499.1_subigo
colonias	lex16510.1_colonia1
ducunt	lex21979.1_duco
multos	lex35586.1_multus,_multi
ius	lex31952.1_jus
aride	lex12208.1_aridus,lex12219.1_aris1,_aridum
claudius	lex15974.1_claudus
cecus	lex13970.1_caecus1
aquam	lex11955.1_aqua
induxit	lex29382.1_induco
uiam	lex53715.1_via
strauit	lex49039.1_sterno
Asiae	_asia
duces	lex22128.1_dux,lex21979.1_duco
seditionem	lex47307.1_seditio
uersi	lex53601.1_verto,lex53552.1_verro
motum	lex35425.1_motus2,lex35428.1_moveo
aduersos	lex10247.1_adversus,lex10250.1_adverto,lex10229.1_adverro
plurimos	lex41251.1_plurimus,lex35586.1_multus
captiuo	lex14507.1_captivus,lex14506.1_captivo
captiuorum	lex14507.1_captivus
transtulit	lex51966.1_transfero
primam	lex42742.1_primus
fabulam	lex24501.1_fabula1
docens	lex21765.1_doceo
diuinitate	lex21732.1_divinitas
loquendi	lex33259.1_loquor
ait	lex10688.1_aio
accepit	lex9445.1_accipio
asia	_asia
se	lex50120.1_sui
seruitutem	lex47871.1_servitus
Mare	lex34118.1_marum,lex34119.1_mas,lex34070.1_mare
obtinuerunt	lex37269.1_obtineo
Milesii	lex34761.1_milesium
Primus	lex42742.1_primus
superiorum	lex50520.1_superus
loco	lex33185.1_locus,_locum,lex33173.1_loco
hinc	lex27285.1_hinc
supputat	lex50626.1_supputo
uerum	lex53611.1_verus,lex53608.1_verum2,lex53607.1_verum,lex53457.1_ver
libri	lex32811.1_liber4
inter	lex30744.1_inter
diuinas	lex21734.1_divino,lex21735.1_divinus,_divina
scripturas	lex47111.1_scribo,lex47126.1_scriptura
deducunt	lex19787.1_deduco
Lysimachia	lex33581.1_lysimachia1
Cyprum	lex19436.1_cyprus2
inuasit	lex31297.1_invado
impetrauit	lex28357.1_impetro
redderetur	lex45009.1_reddo
Pellam	lex39285.1_pello
Qua	lex44115.1_qua,lex44410.1_qui2,lex44409.1_qui1
Quarum	lex44410.1_qui2,lex44537.1_quis2,lex44536.1_quis1,lex44409.1_qui1
cognomentum	lex16297.1_cognomentum
Iusto	lex31978.1_justus,_justum
sollicitam	lex48452.1_sollicitus
religione	lex45279.1_religio
religionem	lex45279.1_religio
ciues	lex15914.1_civis
pronam	lex43242.1_pronus
clementiam	lex16005.1_clementia
Filii	lex25151.1_filius
uastat	lex53252.1_vasto
construxerat	lex18082.1_construo
agitato	lex10618.1_agito
Legati	lex32600.1_lego1,lex32581.1_legatum,lex32582.1_legatus
missi	lex35022.1_mitto,lex34986.1_missum
amicitias	lex11142.1_amicitia
impetrauerunt	lex28357.1_impetro
terra	lex51320.1_terra
sorte	lex48567.1_sors
diuiditur	lex21721.1_divido
extruxerat	lex24285.1_exstruo
transfert	lex51966.1_transfero
eis	lex31616.1_is
municipale	lex35623.1_municipalis
municipalem	lex35623.1_municipalis
ordinem	lex38096.1_ordo,lex38093.1_ordino
aequali	lex10352.1_aequalis
honore	lex27461.1_honorus,lex27445.1_honor
concedens	lex17118.1_concedo
suscipit	lex50711.1_suscipio
ministerium	lex34857.1_ministerium
paruo	lex38905.1_parvus
admodum	lex9991.1_admodum
derelicto	lex20443.1_derelinquo
capto	lex14427.1_capio1,lex14508.1_capto,lex14512.1_captus,lex14426.1_capio
pariter	lex38819.1_pariter,lex38820.1_parito
impauit	lex28253.1_impascor
imperauit	lex28326.1_impero
Serapis	lex47774.1_serapias
ingressus	lex29867.1_ingredior,lex29869.1_ingressus
Condita	lex17363.1_condio,lex17382.1_conditus,_condita,lex17386.1_condo,_conditum
quirites	lex44534.1_quirito
appellari	_appello
semet	lex50120.1_sui
ipsum	lex31463.1_ipse
conatas	lex17806.1_conor
capiunt	lex14427.1_capio1,lex14426.1_capio
erant	lex50141.1_sum1
liberos	lex32809.1_liber1,lex32819.1_liberi
permisit	lex40027.1_permitto
uasa	lex53255.1_vasum
uotiua	lex54280.1_votivus
transmisit	lex52046.1_transmitto
Diuinam	_divina,lex21735.1_divinus
uocem	lex54161.1_voco,lex54285.1_vox
lingua	lex32994.1_lingua
interpretes	lex31004.1_interpres
transferre	lex51966.1_transfero
curauit	lex19306.1_curo
omni	lex37789.1_omnis,_omne
genere	lex26329.1_genus1,lex26268.1_gener
comparauerat	lex16883.1_comparo2,lex16882.1_comparo1
diebus	lex20998.1_dies
socer	lex48346.1_socer
percutitur	lex39577.1_percutio
tenuerunt	lex51212.1_teneo
Aratus	lex12269.1_aro
Argenteus	lex12170.1_argenteus1
nummus	lex36743.1_nummus
figuratur	lex25136.1_figuro
crates	lex18845.1_cratis
eduxerunt	lex22289.1_educo1
multaeque	lex35500.1_multa1,lex35586.1_multus
uicte	lex53883.1_vinco,lex54134.1_vivo
uincte	lex53881.1_vincio
stupro	lex49306.1_stupro,lex49308.1_stuprum
detecta	lex20662.1_detego
laqueo	lex32342.1_laqueus
uitam	lex54052.1_vita
explet	lex24063.1_expleo
amplians	lex11240.1_amplio
nuncupauit	lex36763.1_nuncupo
uocabat	lex54161.1_voco
uocabatur	lex54161.1_voco
centum	lex15059.1_centum
reddidit	lex45009.1_reddo
libertatem	lex32822.1_libertas
pontificatum	lex41455.1_pontificatus
auunculus	lex13079.1_avunculus
manasses	lex33979.1_mano
accipit	lex9445.1_accipio
naues	lex36080.1_navo,lex36075.1_navis
consule	lex18103.1_consul,lex18109.1_consulo
uerso	lex53552.1_verro,lex53577.1_verso,lex53601.1_verto
recedentibus	lex44820.1_recedo
dicti	lex20982.1_dictum,lex20961.1_dico2
iusti	_justum,lex31978.1_justus
cosueta	_co-suesco
consueta	_con-suesco
tributa	lex52189.1_tributum,lex52182.1_tribuo,lex52191.1_tributus2
reddens	lex45009.1_reddo
ira	lex31470.1_ira
iram	lex31470.1_ira
compulit	lex16907.1_compello1
legat	lex32600.1_lego1,lex32601.1_lego2
legatus	lex32600.1_lego1,lex32582.1_legatus
missus	lex34988.1_missus2,lex35022.1_mitto
familiaritate	lex24667.1_familiaritas
familiaritatem	lex24667.1_familiaritas
plurima	lex35586.1_multus
meruisset	lex34589.1_mereo
obsequia	lex37132.1_obsequium
dux	lex22128.1_dux
regionum	lex45200.1_regio
finita	lex25167.1_finio
finitarum	lex25167.1_finio
primis	_prima,lex42742.1_primus
locus	lex33185.1_locus
occupatus	lex37428.1_occupo,lex37427.1_occupatus2
merito	lex34618.1_meritum,lex34590.1_mereor,lex34589.1_mereo,lex34616.1_merito2
positu	lex41593.1_positus2,lex41450.1_pono
positum	lex41450.1_pono,lex41593.1_positus2
Primum	_prima,lex42742.1_primus
decem	lex19584.1_decem
tribus	lex52153.1_tres,lex52183.1_tribus
uocabantur	lex54161.1_voco
partes	lex38847.1_pars
euictae	lex23455.1_evinco
translate	lex51966.1_transfero
Regnatumque	lex45210.1_regno
Quintus	lex44524.1_quintus1
catone	lex14841.1_catus2,lex14840.1_catus1
quaestore	lex44251.1_quaestor
translatus	lex51966.1_transfero,lex52031.1_translatus2
habitauit	lex26848.1_habito
parco	lex38765.1_parco,lex38766.1_parcus
contentus	lex18254.1_contineo,lex18198.1_contendo
unius	lex52929.1_unus
ancillae	lex11337.1_ancilla
ministerio	lex34857.1_ministerium
custodiendam	lex19351.1_custodio
regionem	lex45200.1_regio
misit	lex35022.1_mitto
Qui	lex44536.1_quis1,lex44409.1_qui1,lex44537.1_quis2,lex44410.1_qui2
nuncupati	lex36763.1_nuncupo
linguam	lex32994.1_lingua
exprimitur	lex24121.1_exprimo
custodes	lex19353.1_custos
Virgo	lex53974.1_virgo
seruo	lex47878.1_servus1,lex47872.1_servo,lex47879.1_servus2
corrupta	lex18714.1_corruptus,lex18703.1_corrumpo,_corrupta
propria	_proprium,lex43343.1_proprius,lex43341.1_proprio
manu	lex34050.1_manus1
sapientiae	lex46677.1_sapientia
librum	lex32811.1_liber4
componens	lex16998.1_compono
eo	lex22948.1_eo2,lex31616.1_is,lex22947.1_eo1
mentionem	lex34539.1_mentio1
gallorum	lex26161.1_gallus1
caesa	lex14040.1_caesum,lex13973.1_caedo,lex14023.1_caesa,lex14043.1_caesus1
uicenali	lex53744.1_vicenalis
uicennali	lex53747.1_vicennalis
habebant	lex26836.1_habeo
magnus	lex33755.1_magnus,lex33756.1_magnus1
concusse	lex17329.1_concutio,lex17325.1_concussus
rueret	lex46263.1_ruo
io	lex31447.1_io1
raptu	lex44713.1_raptus2,lex44699.1_rapio
raptum	lex44713.1_raptus2,lex44711.1_raptum,lex44699.1_rapio
mouerat	lex35428.1_moveo
mouerant	lex35428.1_moveo
uincuntur	lex53883.1_vinco
Victi	lex54134.1_vivo,lex53883.1_vinco
armatorum	lex12239.1_armatus,lex12261.1_armo
numero	lex36728.1_numero1,lex36734.1_numerus
uirgines	lex53974.1_virgo
stupri	lex49308.1_stuprum
reatum	lex44789.1_reatus
terrae	lex51320.1_terra
obrutae	lex37090.1_obruo
euicto	lex23455.1_evinco
si	lex47999.1_si
sociat	lex48358.1_socio
mittit	lex35022.1_mitto
Scipio	lex47015.1_scipio1
multas	lex35500.1_multa1,lex35583.1_multo2,lex35586.1_multus
recipit	lex44867.1_recipio
pulsus	lex43888.1_pulsus2,lex39285.1_pello
factione	lex24534.1_factio
nobilium	lex36430.1_nobilis
praecipue	lex41822.1_praecipuus,_praecipuum
scopa	lex47062.1_scopa2,lex47069.1_scopo2
militiae	lex34777.1_militia
destinato	lex20611.1_destinatus,lex20610.1_destinatum,lex20612.1_destino
ciuitates	lex15915.1_civitas
Plautus	lex41152.1_plautus1
annone	lex11484.1_anno2,lex11483.1_anno1,lex10019.1_adnato,lex11511.1_annus
difficultate	lex21017.1_difficultas
molas	lex35115.1_mola,lex35171.1_molo1
pistori	lex40995.1_pistor,lex40997.1_pistorius
locauerat	lex33173.1_loco
Ibi	lex27786.1_ibi
quotiens	lex44597.1_quotiens
ope	lex38001.1_ops1,lex37944.1_opos
uacaret	lex53103.1_vaco
scribere	lex47111.1_scribo
fabulas	lex24501.1_fabula1
uendere	lex53386.1_vendo
sollicitus	lex48452.1_sollicitus
consueuerat	_con-suesco
Iuxta	lex31999.1_juxta
hieram	lex27254.1_hiera1
apparuit	lex11834.1_appareo
hiera	lex27254.1_hiera1
scopam	lex47062.1_scopa2,lex47061.1_scopa1,lex47068.1_scopo1
superauit	lex50442.1_supero
recepit	lex44867.1_recipio
uoluntate	lex54222.1_voluntas
imperata	lex28300.1_imperatum,lex28326.1_impero
erga	lex23151.1_erga
cognita	lex16305.1_cognosco
muneribus	lex35652.1_munus
donat	lex21890.1_dono
epistulas	lex23049.1_epistula
crebris	lex18854.1_creber
laudibus	lex32514.1_laus
uictus	lex53883.1_vinco,lex54134.1_vivo,lex53789.1_victus2
couenit	_co-venio
conuenit	lex18411.1_convenio
talenta	lex50961.1_talentum
anos	lex11698.1_anus2,lex11697.1_anus1
singulos	lex48232.1_singulus
uectigalis	lex53282.1_vectigal,lex53284.1_vectigalis
nomine	lex36485.1_nomen
solueret	lex48483.1_solvo
solueretur	lex48483.1_solvo
deduxerunt	lex19787.1_deduco
amicitia	lex11142.1_amicitia
regressus	lex45220.1_regressus2,lex45215.1_regredior
pace	lex39114.1_pax
pacem	lex38374.1_paco2,lex39114.1_pax
uxore	lex53085.1_uxor
tradita	lex51866.1_trado,lex51863.1_traditor
dotis	lex21907.1_dos
cedit	lex14939.1_cedo1
concedit	lex17118.1_concedo
Secundus	lex47270.1_secundus1,lex47769.1_sequor
liber	lex32811.1_liber4,lex32840.1_libo1,lex32809.1_liber1
huius	lex27244.1_hic
temporis	lex51184.1_tempus
meritu	lex34590.1_mereor,lex34589.1_mereo
meritum	lex34589.1_mereo,lex34618.1_meritum,lex34590.1_mereor
salinatore	lex46494.1_salinator1
erudiebat	lex23216.1_erudio
libertate	lex32822.1_libertas
donatus	lex21890.1_dono
reposceret	lex45516.1_reposco1
reposceretur	lex45516.1_reposco1
scipione	lex47015.1_scipio1
sociauerat	lex48358.1_socio
rursus	lex46281.1_rursus
flaminium	lex25259.1_flaminium,lex25260.1_flaminius1
senat	_se-no1
senatus	lex47584.1_senatus
repeteret	lex45491.1_repeto
tradendus	lex51866.1_trado
sepultus	lex47656.1_sepelio
propositus	lex43323.1_propono
ducem	lex22128.1_dux
fugiens	lex25879.1_fugio
confugiens	lex17574.1_confugio
multis	lex35500.1_multa1,lex35586.1_multus,_multa
repromissis	lex45549.1_repromitto
sacerdotium	lex46360.1_sacerdotium,lex46357.1_sacerdos1
vindicare	lex53904.1_vindico
audito	lex12851.1_audio
negotium	lex36192.1_negotium
uenissem	lex53412.1_venio
iniquae	lex29961.1_iniquus
iudicans	lex31869.1_judico
multa	lex35500.1_multa1,_multa,lex35586.1_multus,lex35583.1_multo2
perperam	lex40150.1_perperus
agens	lex10647.1_ago
diuinis	lex21735.1_divinus,_divinum,_divina
signis	lex48102.1_signum
deterret	lex20683.1_deterreo
deterretur	lex20683.1_deterreo
curauerat	lex19306.1_curo
fieret	lex25174.1_fio
ducis	lex21979.1_duco,lex22128.1_dux
perrexisset	lex39803.1_pergo
fice	lex25076.1_ficus
susceptus	lex50711.1_suscipio
Verum	lex53611.1_verus,lex53457.1_ver,lex53608.1_verum2,lex53607.1_verum
mota	lex35421.1_moto,lex35428.1_moveo
magnarum	lex33755.1_magnus,lex33756.1_magnus1
calamitatum	lex14060.1_calamitas
genti	lex26315.1_gens
extiterunt	lex24279.1_exsto
Statius	lex49117.1_sto
natione	lex35989.1_natio
insuber	_in-subo
gallus	lex26161.1_gallus1
contubernalis	lex18350.1_contubernalis
Mortuus	lex35364.1_morior,lex35404.1_mortuus
explanationum	lex24054.1_explanatio
commentarios	lex16693.1_commentarius
regione	lex45200.1_regio
subito	lex49463.1_subeo,lex49527.1_subito,lex49528.1_subitum
inuaserat	lex31297.1_invado
ibique	lex27786.1_ibi
fratri	lex25647.1_frater
pontificatu	lex41455.1_pontificatus
tradit	lex51866.1_trado
deinde	lex19977.1_deinde
expulso	lex24143.1_expulso,lex24002.1_expello
successorem	lex49904.1_successor
dedit	lex21761.1_do,lex19780.1_dedo
itaque	lex31653.1_ita,lex31677.1_ito
sacerdotii	lex46360.1_sacerdotium
dignitatem	lex21081.1_dignitas
orta	lex38126.1_orior
ingentium	lex29831.1_ingens
miseriarum	lex34962.1_miseria
femina	lex24899.1_femino,lex24892.1_femina
lege	lex32601.1_lego2,lex32778.1_lex
legem	lex32600.1_lego1,lex32778.1_lex
impugnat	lex28527.1_impugno
omnem	lex37789.1_omnis
prouinciam	lex43591.1_provincia
copelles	_co-pello
compellens	lex16907.1_compello1
pare	lex38815.1_pario2,lex38788.1_pareo,lex38895.1_parus1
parere	lex38788.1_pareo,lex38826.1_paro1,lex38815.1_pario2,lex38827.1_paro2
noluerat	lex36481.1_nolo
noluerant	lex36481.1_nolo
enecat	lex22857.1_eneco
Postea	lex41611.1_postea
ascendens	lex12392.1_ascendo
dei	lex20737.1_deus,lex19799.1_deeo
mysterio	lex35873.1_mysterium
consecrata	lex17873.1_consecratus,lex17874.1_consecro
templo	lex51168.1_templum
iouis	lex31447.1_io1
ponit	lex41450.1_pono
super	lex50223.1_super2,lex50549.1_supo
uertice	lex53593.1_vertex
uerticem	lex53593.1_vertex
motis	lex35428.1_moveo
montis	lex35274.1_mons
peregrini	lex39652.1_peregrinus
ipsis	lex31463.1_ipse
faceret	lex24529.1_facio
precantibus	lex42659.1_precor,lex42658.1_preco
sacerdotibus	lex46357.1_sacerdos1
uico	lex53791.1_vicus
adusu	lex10203.1_adutor
ama	lex11179.1_amo
corripies	lex18686.1_corripio
auxilio	lex13017.1_auxilio,lex13019.1_auxilium,lex13018.1_auxilior
filiorum	lex25151.1_filius
leges	lex32600.1_lego1,lex32778.1_lex,lex32601.1_lego2
primas	lex42742.1_primus
uindicauit	lex53904.1_vindico
deficit	lex19841.1_deficio
septuagenario	lex47731.1_septuagenarius
maior	lex33755.1_magnus
articulari	lex12332.1_articularis,lex12338.1_articulo,lex12333.1_articularius
sepultusque	lex47656.1_sepelio
scipionis	lex47015.1_scipio1
monumento	lex35308.1_monumentum
uia	lex53715.1_via,lex53922.1_vio
appia	_ad-pio
intra	lex31213.1_intro2,lex31176.1_intra
miliarium	lex34766.1_miliarium,lex34768.1_miliarius2,lex34767.1_miliarius1,_miliarii
Quidam	lex44421.1_quidam
ossa	lex38234.1_ossum
translata	lex51966.1_transfero
affirmauit	lex10528.1_affirmo
supato	lex50549.1_supo
superato	lex50442.1_supero
libos	_liber2
iusserunt	lex31845.1_jubeo
expellens	lex24002.1_expello
emundans	lex22803.1_emundo
patrias	lex39031.1_patrius2,lex39030.1_patrius1,lex39010.1_patria
triennium	lex52240.1_triennis,lex52241.1_triennium,lex52239.1_triennia
ciuibus	lex15914.1_civis
suis	_suum,_sua,lex50210.1_suo,lex50704.1_sus,lex50781.1_suus
iuniori	lex31992.1_juvenis
prius	lex42753.1_prior
tradiderat	lex51866.1_trado
alien	lex10805.1_alio,lex10903.1_allium
alienus	lex10796.1_alienus
sacerdotali	lex46358.1_sacerdotalis
abitione	lex9176.1_abitio
ambitione	lex11083.1_ambitio
transmigrans	lex52042.1_transmigro
pago	lex38442.1_pagus
ciuitate	lex15915.1_civitas
ciuitatem	lex15915.1_civitas
nominis	lex36485.1_nomen
similitudines	lex48159.1_similitudo
structo	lex49254.1_structus1,lex49266.1_struo
multum	lex35586.1_multus,_multa,_multi
percussus	lex39576.1_percussus2,lex39577.1_percutio
interiit	lex30828.1_intereo
oui	lex38317.1_ovum,lex38315.1_ovis
fauore	lex24835.1_favor
dignitate	lex21081.1_dignitas
dirigit	lex21258.1_dirigo
decreuitque	lex19617.1_decerno
amicos	lex11152.1_amicus,lex11153.1_amicus1,lex11154.1_amicus2
auxiliatores	lex13014.1_auxiliator
habendos	lex26836.1_habeo
terrentius	lex51323.1_terreo
ingenium	lex29829.1_ingenium
forma	lex25541.1_formo,lex25549.1_formus,lex25511.1_forma
formam	lex25511.1_forma,lex25549.1_formus
uenderet	lex53386.1_vendo
mirati	lex34928.1_miror,_miratus,lex34927.1_miro
miranti	lex34927.1_miro,lex34928.1_miror
legit	lex32601.1_lego2
inito	lex29479.1_ineo,lex29970.1_inito
gesto	lex26356.1_gero1,lex26388.1_gesto
demeti	lex20163.1_demeto1,lex20162.1_demetior
poetae	lex41303.1_poeta
uixitque	lex54134.1_vivo
quoad	lex44553.1_quoad
pictura	lex40831.1_pictura,lex40378.1_pertaedet,lex40907.1_pingo
picturam	lex40378.1_pertaedet,lex40831.1_pictura,lex40907.1_pingo
uenditauit	lex53381.1_vendito
dein	lex19977.1_deinde
transgressus	lex52000.1_transgressus,lex52001.1_transgressus2,lex51995.1_transgredior
prope	lex43261.1_prope
nonagenarium	lex36506.1_nonagenarius
die	lex21759.1_divus,lex21683.1_dius,lex20998.1_dies
diem	lex20998.1_dies
obiit	lex36900.1_obeo
uno	lex52929.1_unus,lex52925.1_uno
imperans	lex28326.1_impero
corona	lex18636.1_corona,lex18645.1_corono
multus	lex35586.1_multus
insignibus	lex30427.1_insigne,lex30431.1_insignis
donis	lex21891.1_donum
mensis	lex34512.1_mensis,lex34530.1_mensus,lex34507.1_mensa,lex34531.1_mensus2,lex34700.1_metior
interfecto	lex30844.1_interficio,lex30832.1_interfacio
tributarias	lex52184.1_tributarius
iudicate	lex31869.1_judico,lex31863.1_judicatus,lex31862.1_judicatum
iudicante	lex31869.1_judico
contendunt	lex18198.1_contendo
utraque	lex53030.1_uter
deferendis	lex19832.1_defero
Descriptio	lex20488.1_descriptio
scipionem	lex47015.1_scipio1
redigitur	lex45026.1_redigo
habens	lex26836.1_habeo
conditione	lex17371.1_conditio2,lex17372.1_conditio3,lex17353.1_condicio
afirmant	_a-firmo
dite	lex21716.1_dives
condite	lex17382.1_conditus,lex17363.1_condio,lex17386.1_condo,_conditum
Catina	lex14819.1_catinum
conditur	lex17363.1_condio,lex17386.1_condo
clipeis	lex16037.1_clipeum,lex16038.1_clipeus
obruta	lex37090.1_obruo
mons	lex35274.1_mons
meles	lex34356.1_meles1
sumpsit	lex50195.1_sumo
nobilissimos	lex36430.1_nobilis
senes	lex47594.1_senex,lex47592.1_seneo
senatores	lex47581.1_senator
similitudine	lex48159.1_similitudo
similitudinem	lex48159.1_similitudo
curae	lex19273.1_cura
patres	lex39033.1_patro,lex38979.1_pater
appellauit	_appello
templa	lex51168.1_templum
uiuum	_vivum,lex54135.1_vivus
cares	lex14611.1_caro1,lex14569.1_careo
gestam	lex26356.1_gero1
teres	lex51284.1_teres,lex51319.1_tero
trieres	lex52248.1_trieris
nauigauit	lex36074.1_navigo
cursu	lex19311.1_curro,lex19326.1_cursus
cursum	lex19326.1_cursus,lex19311.1_curro
dirigente	lex21258.1_dirigo
palude	lex38559.1_palus2
paludem	lex38559.1_palus2
nunquam	lex36746.1_numquam
paruit	lex38788.1_pareo
comparuit	lex16880.1_compareo
suadete	lex49322.1_suadeo
suadente	lex49322.1_suadeo
procalo	_pro-calo1
secrat	_se-creo1
consecratus	lex17873.1_consecratus,lex17874.1_consecro
quinos	lex44467.1_quini
rexerunt	lex45212.1_rego
atque	lex12698.1_atque
interregnum	lex31027.1_interregnum
astacus	lex12602.1_astacus1
duos	lex22042.1_duo
fuisset	lex50141.1_sum1
fuissent	lex50141.1_sum1
axes	lex13091.1_axis
ligneos	lex32904.1_ligneus
Nullum	lex36711.1_nullus
gessit	lex26356.1_gero1
panon	lex38657.1_panus
hi	lex27244.1_hic
partheni	lex38853.1_parthenium
generat	lex26279.1_genero
generantur	lex26279.1_genero
mate	lex34204.1_mattus
matre	lex34160.1_mater
potato	lex41725.1_poto
extinctus	lex24271.1_exstinctus2
ferre	lex24946.1_fero,lex24972.1_ferrum
glutinum	lex26540.1_glutinum
gela	lex26233.1_gelum,lex26229.1_gelo1
phaselis	lex40673.1_phaselus
condit	lex17386.1_condo,lex17363.1_condio
notissimus	lex36556.1_nosco,lex36591.1_notus
reddit	lex45009.1_reddo
redditus	lex45009.1_reddo
anui	lex11699.1_anus3
annui	lex11514.1_annuus,lex11510.1_annuo,_annuum
constituti	lex18059.1_constituo,lex18064.1_constitutum
cessantibus	lex15221.1_cesso
nobilibus	lex36430.1_nobilis
electis	_electa,lex22580.1_eligo
praefuerunt	lex42455.1_praesum
hostilius	lex27564.1_hostilis
regum	lex45939.1_rex
purpura	lex43995.1_purpuro,lex43984.1_purpura
fascibus	lex24759.1_fascis
usus	lex53021.1_usus2,lex53050.1_utor
domo	lex21872.1_domo,lex21876.1_domus
fulmine	lex25925.1_fulmen
conflagrauit	lex17512.1_conflagro
hostili	_hostile,lex27564.1_hostilis
Nudipedalia	lex36681.1_nudipedalia
acta	lex9617.1_acta,lex9640.1_actum,lex10647.1_ago,lex9622.1_acte1,lex9618.1_acta1
longa	lex33249.1_longus
longam	lex33249.1_longus
bella	lex13334.1_bello,lex13343.1_bellus,lex13341.1_bellum
repauit	_re-pavio,_re-pasco,_re-paveo
uicit	lex53883.1_vinco
adiecto	lex9892.1_adjicio,lex9837.1_adicio
ampliauit	lex11240.1_amplio
Ardis	lex12136.1_ardus
lator	lex32462.1_lator
crebro	lex18854.1_creber,lex18864.1_crebro
celebrat	lex14962.1_celebro
